"logger","sensor","depth","log_start","raw_missing_pct","rmv_pct","total_rows","flag_c","flag_t","flag_l","flag_n","flag_z","flag_.","flag_f","flag_p","flag_s","flag_X","flag_r"
"HBw3A","matric","15","7/25/2023 13:00",0.01,1.03,16271,168,1,0,0,0,0,0,0,0,0,0
"HBw3A","matric","50","7/25/2023 13:00",0.01,1.03,16271,168,1,0,0,0,0,0,0,0,0,0
"HBw3A","matric_temp","15","7/25/2023 13:00",0.01,0,16271,0,1,0,0,0,0,0,0,0,0,0
"HBw3A","matric_temp","50","7/25/2023 13:00",0.01,0,16271,0,1,0,0,0,0,0,0,0,0,0
"HBw3A","satext","15","7/25/2023 13:00",36.97,0,16271,0,1,0,6014,0,0,0,0,0,0,0
"HBw3A","satext","50a","7/25/2023 13:00",33.02,29.12,16271,0,1,0,5372,4738,0,0,0,0,0,0
"HBw3A","satext","50b","7/25/2023 13:00",36.97,13.16,16271,0,1,0,6014,2141,0,0,0,0,0,0
"HBw3A","satext","85","7/25/2023 13:00",41.99,42.7,16271,0,1,80,6831,6947,0,0,0,0,0,0
"HBw3A","vwc","15","7/25/2023 13:00",3.95,0,16271,0,1,0,642,0,1,0,0,0,0,0
"HBw3A","vwc","50b","7/25/2023 13:00",3.95,0,16271,0,1,0,642,0,0,0,0,0,0,0
"HBw3A","vwc","50a","7/25/2023 13:00",0.01,0,16271,0,1,0,0,0,0,0,0,0,0,0
"HBw3A","vwc","85","7/25/2023 13:00",8.97,0,16271,0,1,80,1459,0,0,0,0,0,0,0
"HBw3A","vwc_temp","15","7/25/2023 13:00",3.95,0,16271,0,1,0,642,0,0,0,0,0,0,0
"HBw3A","vwc_temp","50b","7/25/2023 13:00",3.95,0,16271,0,1,0,642,0,0,0,0,0,0,0
"HBw3A","vwc_temp","50a","7/25/2023 13:00",0.01,0,16271,0,1,0,0,0,0,0,0,0,0,0
"HBw3A","vwc_temp","85","7/25/2023 13:00",8.97,0,16271,0,1,80,1459,0,0,0,0,0,0,0
"HBw3B","matric","15","7/24/2023 17:00",0.12,1.03,16291,168,19,0,0,0,0,0,0,0,0,0
"HBw3B","matric","50","7/24/2023 17:00",0.12,1.03,16291,168,19,0,0,0,0,0,0,0,0,0
"HBw3B","matric_temp","15","7/24/2023 17:00",0.12,0,16291,0,19,0,0,0,0,0,0,0,0,0
"HBw3B","matric_temp","50","7/24/2023 17:00",0.12,0,16291,0,19,0,0,0,0,0,0,0,0,0
"HBw3B","satext","15","7/24/2023 17:00",32.98,0,16291,0,19,0,5354,0,0,0,0,0,0,0
"HBw3B","satext","50a","7/24/2023 17:00",32.98,0,16291,0,19,0,5354,0,0,0,0,0,0,0
"HBw3B","satext","50b","7/24/2023 17:00",32.98,0,16291,0,19,0,5354,0,0,0,0,0,0,0
"HBw3B","satext","90","7/24/2023 17:00",32.98,27.78,16291,0,19,0,5354,4526,0,0,0,0,0,0
"HBw3B","vwc","15","7/24/2023 17:00",0.12,0,16291,0,19,0,0,0,1,0,0,0,0,0
"HBw3B","vwc","50a","7/24/2023 17:00",0.12,0,16291,0,19,0,0,0,1,0,0,0,0,0
"HBw3B","vwc","50b","7/24/2023 17:00",0.12,0,16291,0,19,0,0,0,1,0,0,0,0,0
"HBw3B","vwc","90","7/24/2023 17:00",0.12,0,16291,0,19,0,0,0,0,0,0,0,0,0
"HBw3B","vwc_temp","15","7/24/2023 17:00",0.12,0,16291,0,19,0,0,0,0,0,0,0,0,0
"HBw3B","vwc_temp","50a","7/24/2023 17:00",0.12,0,16291,0,19,0,0,0,0,0,0,0,0,0
"HBw3B","vwc_temp","50b","7/24/2023 17:00",0.12,0,16291,0,19,0,0,0,0,0,0,0,0,0
"HBw3B","vwc_temp","90","7/24/2023 17:00",0.12,0,16291,0,19,0,0,0,0,0,0,0,0,0
"HBw3C","matric","10","7/25/2023 14:00",4.25,1.03,16270,168,691,3,0,0,0,0,0,0,0,0
"HBw3C","matric","50","7/25/2023 14:00",4.25,1.03,16270,168,691,3,0,0,0,0,0,0,0,0
"HBw3C","matric_temp","10","7/25/2023 14:00",4.25,0,16270,0,691,3,0,0,0,0,0,0,0,0
"HBw3C","matric_temp","50","7/25/2023 14:00",4.25,0,16270,0,691,3,0,0,0,0,0,0,0,0
"HBw3C","satext","10","7/25/2023 14:00",4.25,1.25,16270,0,691,3,0,204,0,1138,0,0,0,0
"HBw3C","satext","50a","7/25/2023 14:00",4.25,0,16270,0,691,3,0,0,0,0,0,0,0,0
"HBw3C","satext","50b","7/25/2023 14:00",4.25,0,16270,0,691,3,0,0,0,0,0,0,0,0
"HBw3C","satext","90","7/25/2023 14:00",4.25,0,16270,0,691,3,0,0,0,0,0,0,0,0
"HBw3C","vwc","10","7/25/2023 14:00",4.25,0,16270,0,691,3,0,0,3,1138,0,0,0,0
"HBw3C","vwc","50a","7/25/2023 14:00",4.25,0,16270,0,691,3,0,0,3,0,2,0,0,0
"HBw3C","vwc","50b","7/25/2023 14:00",4.25,0,16270,0,691,3,0,0,2,0,4,0,0,0
"HBw3C","vwc","90","7/25/2023 14:00",4.25,0,16270,0,691,3,0,0,3,0,0,0,0,0
"HBw3C","vwc_temp","10","7/25/2023 14:00",4.25,0,16270,0,691,3,0,0,0,0,0,0,0,0
"HBw3C","vwc_temp","50a","7/25/2023 14:00",4.25,0,16270,0,691,3,0,0,0,0,0,0,0,0
"HBw3C","vwc_temp","50b","7/25/2023 14:00",4.25,0,16270,0,691,3,0,0,0,0,0,0,0,0
"HBw3C","vwc_temp","90","7/25/2023 14:00",4.25,0,16270,0,691,3,0,0,0,0,0,0,0,0
"HBw3D","matric","15","7/24/2023 14:00",1.11,1.03,16294,168,181,0,0,0,0,0,0,0,0,0
"HBw3D","matric","50","7/24/2023 14:00",1.11,1.03,16294,168,181,0,0,0,0,0,0,0,0,0
"HBw3D","matric_temp","15","7/24/2023 14:00",1.11,0,16294,0,181,0,0,0,0,0,0,0,0,0
"HBw3D","matric_temp","50","7/24/2023 14:00",1.11,0,16294,0,181,0,0,0,0,0,0,0,0,0
"HBw3D","satext","15","7/24/2023 14:00",1.11,0,16294,0,181,0,0,0,0,0,0,0,0,0
"HBw3D","satext","50a","7/24/2023 14:00",1.11,0,16294,0,181,0,0,0,0,0,0,0,0,0
"HBw3D","satext","50b","7/24/2023 14:00",1.11,0,16294,0,181,0,0,0,0,0,0,0,0,0
"HBw3D","satext","87","7/24/2023 14:00",1.11,37.58,16294,0,181,0,0,6124,0,0,0,0,0,0
"HBw3D","vwc","15","7/24/2023 14:00",1.11,0,16294,0,181,0,0,0,2,0,1,0,0,0
"HBw3D","vwc","50a","7/24/2023 14:00",1.11,0,16294,0,181,0,0,0,0,0,0,0,0,0
"HBw3D","vwc","50b","7/24/2023 14:00",1.11,0,16294,0,181,0,0,0,0,0,0,0,0,0
"HBw3D","vwc","87","7/24/2023 14:00",1.11,0,16294,0,181,0,0,0,0,0,0,0,0,0
"HBw3D","vwc_temp","15","7/24/2023 14:00",1.11,0,16294,0,181,0,0,0,0,0,0,0,0,0
"HBw3D","vwc_temp","50a","7/24/2023 14:00",1.11,0,16294,0,181,0,0,0,0,0,0,0,0,0
"HBw3D","vwc_temp","50b","7/24/2023 14:00",1.11,0,16294,0,181,0,0,0,0,0,0,0,0,0
"HBw3D","vwc_temp","87","7/24/2023 14:00",1.11,0,16294,0,181,0,0,0,0,0,0,0,0,0
"HBw6A","matric","15a","7/25/2023 17:00",0.01,1.03,16266,168,2,0,0,0,0,0,0,0,0,0
"HBw6A","matric","15b","7/25/2023 17:00",0.01,1.03,16266,168,2,0,0,0,0,0,0,0,0,0
"HBw6A","matric_temp","15a","7/25/2023 17:00",0.01,0,16266,0,2,0,0,0,0,0,0,0,0,0
"HBw6A","matric_temp","15b","7/25/2023 17:00",0.01,0,16266,0,2,0,0,0,0,0,0,0,0,0
"HBw6A","satext","15a","7/25/2023 17:00",90.45,0,16266,0,2,0,14710,0,0,0,0,0,0,0
"HBw6A","satext","15b","7/25/2023 17:00",90.45,0,16266,0,2,0,14710,0,0,0,0,0,0,0
"HBw6A","satext","15c","7/25/2023 17:00",90.45,0,16266,0,2,0,14710,0,0,0,0,0,0,0
"HBw6A","satext","15d","7/25/2023 17:00",90.45,0,16266,0,2,0,14710,0,0,0,0,0,0,0
"HBw6A","vwc","15d","7/25/2023 17:00",0.01,0,16266,0,2,0,0,0,2,0,0,0,0,0
"HBw6A","vwc","15a","7/25/2023 17:00",0.01,0,16266,0,2,0,0,0,0,0,0,0,0,0
"HBw6A","vwc","15b","7/25/2023 17:00",0.01,0,16266,0,2,0,0,0,0,0,0,0,0,0
"HBw6A","vwc","15c","7/25/2023 17:00",0.01,0,16266,0,2,0,0,0,0,0,0,0,0,0
"HBw6A","vwc_temp","15a","7/25/2023 17:00",0.01,0,16266,0,2,0,0,0,0,0,0,0,0,0
"HBw6A","vwc_temp","15b","7/25/2023 17:00",0.01,0,16266,0,2,0,0,0,0,0,0,0,0,0
"HBw6A","vwc_temp","15c","7/25/2023 17:00",0.01,0,16266,0,2,0,0,0,0,0,0,0,0,0
"HBw6A","vwc_temp","15d","7/25/2023 17:00",0.01,0,16266,0,2,0,0,0,0,0,0,0,0,0
"HBw6B","matric","15","7/25/2023 18:00",33.36,1.03,16265,168,3897,2,1529,0,0,0,0,2,0,0
"HBw6B","matric","50","7/25/2023 18:00",35.11,1.03,16265,168,3897,2,1814,0,0,0,0,1,0,0
"HBw6B","matric_temp","15","7/25/2023 18:00",33.36,0,16265,0,3897,53,1529,0,0,0,0,2,0,0
"HBw6B","matric_temp","50","7/25/2023 18:00",35.11,0,16265,0,3897,53,1814,0,0,0,0,1,0,0
"HBw6B","satext","15","7/25/2023 18:00",99.68,0,16265,0,3897,52,12316,0,0,0,0,0,0,0
"HBw6B","satext","50a","7/25/2023 18:00",99.69,0,16265,0,3897,51,12317,0,0,0,0,0,0,0
"HBw6B","satext","50b","7/25/2023 18:00",99.69,0.31,16265,0,3897,51,12317,50,0,0,0,0,0,0
"HBw6B","satext","75","7/25/2023 18:00",99.99,0,16265,0,3897,1,12367,0,0,0,0,1,0,0
"HBw6B","vwc","15","7/25/2023 18:00",33.36,0,16265,0,3897,54,1529,0,1,0,0,1,0,0
"HBw6B","vwc","50a","7/25/2023 18:00",33.37,0,16265,0,3897,53,1531,0,2,0,0,1,0,0
"HBw6B","vwc","50b","7/25/2023 18:00",35.12,0,16265,0,3897,53,1815,0,3,0,0,1,0,0
"HBw6B","vwc","75","7/25/2023 18:00",35.42,0,16265,0,3897,3,1864,0,0,0,0,2,0,0
"HBw6B","vwc_temp","15","7/25/2023 18:00",33.36,0,16265,0,3897,54,1529,0,0,0,0,1,0,0
"HBw6B","vwc_temp","50a","7/25/2023 18:00",33.37,0,16265,0,3897,53,1531,0,0,0,0,1,0,0
"HBw6B","vwc_temp","50b","7/25/2023 18:00",35.12,0,16265,0,3897,53,1815,0,0,0,0,1,0,0
"HBw6B","vwc_temp","75","7/25/2023 18:00",35.42,0,16265,0,3897,3,1864,0,0,0,0,2,0,0
"HBw6C","matric","17","7/26/2023 17:00",0.01,1.03,16241,168,1,0,0,0,0,0,0,0,0,0
"HBw6C","matric","50","7/26/2023 17:00",0.01,1.03,16241,168,1,0,0,0,0,0,0,0,0,0
"HBw6C","matric_temp","17","7/26/2023 17:00",0.01,0,16241,0,1,0,0,0,0,0,0,0,0,0
"HBw6C","matric_temp","50","7/26/2023 17:00",0.01,0,16241,0,1,0,0,0,0,0,0,0,0,0
"HBw6C","satext","17","7/26/2023 17:00",90.57,0,16241,0,1,0,14708,0,0,0,0,0,0,0
"HBw6C","satext","30","7/26/2023 17:00",93.52,0,16241,0,1,0,15187,0,0,0,0,0,0,0
"HBw6C","satext","50a","7/26/2023 17:00",93.52,0,16241,0,1,0,15187,0,0,0,0,0,0,0
"HBw6C","satext","50b","7/26/2023 17:00",90.57,0,16241,0,1,0,14708,0,0,0,0,0,0,0
"HBw6C","vwc","17","7/26/2023 17:00",0.01,0,16241,0,1,0,0,0,1,0,0,0,0,0
"HBw6C","vwc","30","7/26/2023 17:00",2.96,0,16241,0,1,0,479,0,0,0,0,0,0,0
"HBw6C","vwc","50a","7/26/2023 17:00",2.96,0,16241,0,1,0,479,0,3,0,0,0,0,0
"HBw6C","vwc","50b","7/26/2023 17:00",0.01,0,16241,0,1,0,0,0,0,0,0,0,0,0
"HBw6C","vwc_temp","17","7/26/2023 17:00",0.01,0,16241,0,1,0,0,0,0,0,0,0,0,0
"HBw6C","vwc_temp","30","7/26/2023 17:00",2.96,0,16241,0,1,0,479,0,0,0,0,0,0,0
"HBw6C","vwc_temp","50a","7/26/2023 17:00",2.96,0,16241,0,1,0,479,0,0,0,0,0,0,0
"HBw6C","vwc_temp","50b","7/26/2023 17:00",0.01,0,16241,0,1,0,0,0,0,0,0,0,0,0
"HBw6D","matric","19","7/27/2023 10:00",0.01,1.04,16224,168,1,0,0,0,0,0,0,0,0,0
"HBw6D","matric","50","7/27/2023 10:00",0.01,1.04,16224,168,1,0,0,0,0,0,0,0,0,0
"HBw6D","matric_temp","19","7/27/2023 10:00",0.01,0,16224,0,1,0,0,0,0,0,0,0,0,0
"HBw6D","matric_temp","50","7/27/2023 10:00",0.01,0,16224,0,1,0,0,0,0,0,0,0,0,0
"HBw6D","satext","19","7/27/2023 10:00",90.66,0,16224,0,1,0,14708,0,0,0,0,0,0,0
"HBw6D","satext","50a","7/27/2023 10:00",90.66,0,16224,0,1,0,14708,0,0,0,0,0,0,0
"HBw6D","satext","50b","7/27/2023 10:00",90.66,0,16224,0,1,0,14708,0,0,0,0,0,0,0
"HBw6D","satext","81","7/27/2023 10:00",90.66,0,16224,0,1,0,14708,0,0,0,0,0,0,0
"HBw6D","vwc","19","7/27/2023 10:00",0.01,0,16224,0,1,0,0,0,0,0,0,0,0,0
"HBw6D","vwc","50a","7/27/2023 10:00",0.01,0,16224,0,1,0,0,0,0,0,8,0,0,0
"HBw6D","vwc","50b","7/27/2023 10:00",0.01,0,16224,0,1,0,0,0,0,0,0,0,0,0
"HBw6D","vwc","81","7/27/2023 10:00",0.01,0,16224,0,1,0,0,0,0,0,0,0,0,0
"HBw6D","vwc_temp","19","7/27/2023 10:00",0.01,0,16224,0,1,0,0,0,0,0,0,0,0,0
"HBw6D","vwc_temp","50a","7/27/2023 10:00",0.01,0,16224,0,1,0,0,0,0,0,0,0,0,0
"HBw6D","vwc_temp","50b","7/27/2023 10:00",0.01,0,16224,0,1,0,0,0,0,0,0,0,0,0
"HBw6D","vwc_temp","81","7/27/2023 10:00",0.01,0,16224,0,1,0,0,0,0,0,0,0,0,0
"HBw9A","matric","15","7/26/2023 14:00",0,1.03,16244,168,0,0,0,0,0,0,0,0,0,0
"HBw9A","matric","46","7/26/2023 14:00",0,1.03,16244,168,0,0,0,0,0,0,0,0,0,0
"HBw9A","satext","15","7/26/2023 14:00",57.46,0,16244,0,0,0,9333,0,0,0,0,0,0,0
"HBw9A","satext","30","7/26/2023 14:00",57.46,0,16244,0,0,0,9333,0,0,0,0,0,0,0
"HBw9A","satext","45","7/26/2023 14:00",57.46,0,16244,0,0,0,9333,0,0,0,0,0,0,0
"HBw9A","vwc","30","7/26/2023 14:00",0,0,16244,0,0,0,0,0,0,0,2,0,0,0
"HBw9B","matric","20","7/26/2023 13:00",0.1,1.03,16246,168,17,0,0,0,0,0,0,0,0,0
"HBw9B","matric","50","7/26/2023 13:00",0.1,1.03,16246,168,17,0,0,0,0,0,0,0,0,0
"HBw9B","matric_temp","20","7/26/2023 13:00",0.1,0,16246,0,17,0,0,0,0,0,0,0,0,0
"HBw9B","matric_temp","50","7/26/2023 13:00",0.1,0,16246,0,17,0,0,0,0,0,0,0,0,0
"HBw9B","satext","20","7/26/2023 13:00",57.55,0,16246,0,17,0,9333,0,0,0,0,0,0,0
"HBw9B","satext","50a","7/26/2023 13:00",57.55,0,16246,0,17,0,9333,0,0,0,0,0,0,0
"HBw9B","satext","50b","7/26/2023 13:00",57.55,0,16246,0,17,0,9333,0,0,0,0,0,0,0
"HBw9B","satext","90","7/26/2023 13:00",57.55,0,16246,0,17,0,9333,0,0,0,0,0,0,0
"HBw9B","vwc","20","7/26/2023 13:00",0.1,0,16246,0,17,0,0,0,2,0,0,0,0,0
"HBw9B","vwc","50a","7/26/2023 13:00",0.1,0,16246,0,17,0,0,0,0,0,0,0,0,0
"HBw9B","vwc","50b","7/26/2023 13:00",0.1,0,16246,0,17,0,0,0,0,0,0,0,0,0
"HBw9B","vwc","90","7/26/2023 13:00",0.1,0,16246,0,17,0,0,0,1,0,0,0,0,0
"HBw9B","vwc_temp","20","7/26/2023 13:00",0.1,0,16246,0,17,0,0,0,0,0,0,0,0,0
"HBw9B","vwc_temp","50a","7/26/2023 13:00",0.1,0,16246,0,17,0,0,0,0,0,0,0,0,0
"HBw9B","vwc_temp","50b","7/26/2023 13:00",0.1,0,16246,0,17,0,0,0,0,0,0,0,0,0
"HBw9B","vwc_temp","90","7/26/2023 13:00",0.1,0,16246,0,17,0,0,0,0,0,0,0,0,0
"HBw9C","matric","15","7/26/2023 13:00",0,1.03,16246,168,0,0,0,0,0,0,0,0,0,0
"HBw9C","matric","50","7/26/2023 13:00",0,1.03,16246,168,0,0,0,0,0,0,0,0,0,0
"HBw9C","satext","15","7/26/2023 13:00",57.45,0,16246,0,0,0,9333,0,0,263,0,0,0,0
"HBw9C","satext","50a","7/26/2023 13:00",57.45,16.15,16246,0,0,0,9333,2623,0,0,0,0,0,0
"HBw9C","satext","50b","7/26/2023 13:00",57.45,0,16246,0,0,0,9333,0,0,0,0,0,0,0
"HBw9C","satext","70","7/26/2023 13:00",57.45,42.55,16246,0,0,0,9333,6913,0,0,0,0,0,0
"HBw9C","vwc","15","7/26/2023 13:00",0,0,16246,0,0,0,0,0,6,263,0,0,0,0
"HBw9C","vwc","50a","7/26/2023 13:00",0,0,16246,0,0,0,0,0,1,0,0,0,0,0
"HBw9C","vwc","50b","7/26/2023 13:00",0,0,16246,0,0,0,0,0,1,0,0,0,0,0
"HBw9C","vwc","70","7/26/2023 13:00",0,0,16246,0,0,0,0,0,1,0,0,0,0,0
"HBw9D","matric","15","7/26/2023 16:00",0.01,1.03,16243,168,1,0,0,0,0,0,0,0,0,0
"HBw9D","matric","50","7/26/2023 16:00",0.01,1.03,16243,168,1,0,0,0,0,0,0,0,0,0
"HBw9D","matric_temp","15","7/26/2023 16:00",0.01,0,16243,0,1,0,0,0,0,0,0,0,0,0
"HBw9D","matric_temp","50","7/26/2023 16:00",0.01,0,16243,0,1,0,0,0,0,0,0,0,0,0
"HBw9D","satext","15","7/26/2023 16:00",57.46,0,16243,0,1,0,9332,0,0,0,0,0,0,0
"HBw9D","satext","50a","7/26/2023 16:00",57.46,0,16243,0,1,0,9332,0,0,0,0,0,0,0
"HBw9D","satext","50b","7/26/2023 16:00",57.46,0,16243,0,1,0,9332,0,0,0,0,0,0,0
"HBw9D","satext","60","7/26/2023 16:00",57.46,0,16243,0,1,0,9332,0,0,0,0,0,0,0
"HBw9D","vwc","15","7/26/2023 16:00",0.01,0,16243,0,1,0,0,0,2,0,0,0,0,0
"HBw9D","vwc","50a","7/26/2023 16:00",0.01,0,16243,0,1,0,0,0,0,0,0,0,0,0
"HBw9D","vwc","50b","7/26/2023 16:00",0.01,0,16243,0,1,0,0,0,0,0,0,0,0,0
"HBw9D","vwc","60","7/26/2023 16:00",0.01,0,16243,0,1,0,0,0,0,0,0,0,0,0
"HBw9D","vwc_temp","15","7/26/2023 16:00",0.01,0,16243,0,1,0,0,0,0,0,0,0,0,0
"HBw9D","vwc_temp","50a","7/26/2023 16:00",0.01,0,16243,0,1,0,0,0,0,0,0,0,0,0
"HBw9D","vwc_temp","50b","7/26/2023 16:00",0.01,0,16243,0,1,0,0,0,0,0,0,0,0,0
"HBw9D","vwc_temp","60","7/26/2023 16:00",0.01,0,16243,0,1,0,0,0,0,0,0,0,0,0
"Fw4A","matric","10","9/12/2022 12:45",6.59,0.7,24094,168,1588,0,0,0,0,0,0,0,0,0
"Fw4A","matric","72","9/12/2022 12:45",6.59,0.7,24094,168,1588,0,0,0,0,0,0,0,0,0
"Fw4A","matric_temp","10","9/12/2022 12:45",6.59,0,24094,0,1588,0,0,0,0,0,0,0,0,0
"Fw4A","matric_temp","72","9/12/2022 12:45",6.59,0,24094,0,1588,0,0,0,0,0,0,0,0,0
"Fw4A","satext","10","9/12/2022 12:45",25.8,0,24094,0,1588,0,4629,0,0,0,0,0,0,0
"Fw4A","satext","50a","9/12/2022 12:45",25.8,0,24094,0,1588,0,4629,0,0,0,0,0,0,0
"Fw4A","satext","50b","9/12/2022 12:45",25.8,0,24094,0,1588,0,4629,0,0,0,0,0,0,0
"Fw4A","satext","72","9/12/2022 12:45",25.8,0,24094,0,1588,0,4629,0,0,0,0,0,0,0
"Fw4A","vwc","10","9/12/2022 12:45",6.59,0,24094,0,1588,0,0,0,18,0,0,0,0,0
"Fw4A","vwc","50a","9/12/2022 12:45",6.59,0,24094,0,1588,0,0,0,20,0,0,0,0,0
"Fw4A","vwc","50b","9/12/2022 12:45",6.59,0,24094,0,1588,0,0,0,9,0,0,0,0,0
"Fw4A","vwc","72","9/12/2022 12:45",6.59,0,24094,0,1588,0,0,0,10,0,1,0,0,0
"Fw4A","vwc_temp","10","9/12/2022 12:45",6.59,0,24094,0,1588,0,0,0,0,0,0,0,0,0
"Fw4A","vwc_temp","50a","9/12/2022 12:45",6.59,0,24094,0,1588,0,0,0,0,0,0,0,0,0
"Fw4A","vwc_temp","50b","9/12/2022 12:45",6.59,0,24094,0,1588,0,0,0,0,0,0,0,0,0
"Fw4A","vwc_temp","72","9/12/2022 12:45",6.59,0,24094,0,1588,0,0,0,0,0,0,0,0,0
"Fw4B","matric","15","9/13/2022 11:15",0.01,1.09,15432,168,2,0,0,0,0,0,0,0,0,0
"Fw4B","matric","100","9/13/2022 11:15",0.01,1.09,15432,168,2,0,0,0,0,0,0,0,0,0
"Fw4B","matric_temp","15","9/13/2022 11:15",0.01,0,15432,0,2,0,0,0,0,0,0,0,0,0
"Fw4B","matric_temp","100","9/13/2022 11:15",0.01,0,15432,0,2,0,0,0,0,0,0,0,0,0
"Fw4B","satext","15","9/13/2022 11:15",30.01,23.96,15432,0,2,0,4629,3698,0,0,0,0,0,0
"Fw4B","satext","50a","9/13/2022 11:15",30.01,9.84,15432,0,2,0,4629,1519,0,0,0,0,0,0
"Fw4B","satext","50b","9/13/2022 11:15",30.01,0.01,15432,0,2,0,4629,1,0,0,0,0,0,0
"Fw4B","satext","100","9/13/2022 11:15",33.52,8.44,15432,0,2,0,5171,1302,0,0,0,0,0,0
"Fw4B","vwc","15","9/13/2022 11:15",0.01,0,15432,0,2,0,0,0,0,0,0,0,0,0
"Fw4B","vwc","50a","9/13/2022 11:15",0.01,0,15432,0,2,0,0,0,0,0,0,0,0,0
"Fw4B","vwc","50b","9/13/2022 11:15",0.01,0,15432,0,2,0,0,0,0,0,0,0,0,0
"Fw4B","vwc","100","9/13/2022 11:15",3.53,0,15432,0,2,0,542,0,0,0,0,0,0,0
"Fw4B","vwc_temp","15","9/13/2022 11:15",0.01,0,15432,0,2,0,0,0,0,0,0,0,0,0
"Fw4B","vwc_temp","50a","9/13/2022 11:15",0.01,0,15432,0,2,0,0,0,0,0,0,0,0,0
"Fw4B","vwc_temp","50b","9/13/2022 11:15",0.01,0,15432,0,2,0,0,0,0,0,0,0,0,0
"Fw4B","vwc_temp","100","9/13/2022 11:15",3.53,0,15432,0,2,0,542,0,0,0,0,0,0,0
"Fw4C","matric","10","9/14/2022 8:30",70.19,0.7,24047,168,3666,4,13213,0,0,0,0,2,0,0
"Fw4C","matric","100","9/14/2022 8:30",39.66,0.7,24047,168,3666,1,5871,0,0,0,0,1,0,0
"Fw4C","matric_temp","10","9/14/2022 8:30",70.19,0,24047,0,3666,4,13213,0,0,0,0,2,0,0
"Fw4C","matric_temp","100","9/14/2022 8:30",39.66,0,24047,0,3666,1,5871,0,0,0,0,1,0,0
"Fw4C","satext","10","9/14/2022 8:30",67.53,8.39,24047,0,3666,240,12572,2018,0,0,0,42,0,0
"Fw4C","satext","50a","9/14/2022 8:30",44.87,6.52,24047,0,3666,0,7123,1567,0,0,0,12,0,0
"Fw4C","satext","50b","9/14/2022 8:30",42.27,0.2,24047,0,3666,0,6499,49,0,0,0,0,0,0
"Fw4C","satext","100","9/14/2022 8:30",42.51,0.95,24047,0,3666,0,6556,229,0,0,0,0,0,0
"Fw4C","vwc","10","9/14/2022 8:30",50.94,0,24047,0,3666,198,8583,0,2,0,0,57,0,0
"Fw4C","vwc","50b","9/14/2022 8:30",23.01,0,24047,0,3666,0,1868,0,1,0,0,0,0,0
"Fw4C","vwc","50a","9/14/2022 8:30",25.61,0,24047,0,3666,0,2492,0,0,0,0,12,0,0
"Fw4C","vwc","100","9/14/2022 8:30",23.25,0,24047,0,3666,0,1925,0,0,0,0,0,0,0
"Fw4C","vwc_temp","10","9/14/2022 8:30",50.94,0,24047,0,3666,198,8583,0,0,0,0,57,0,0
"Fw4C","vwc_temp","50a","9/14/2022 8:30",25.61,0,24047,0,3666,0,2492,0,0,0,0,12,0,0
"Fw4C","vwc_temp","50b","9/14/2022 8:30",23.01,0,24047,0,3666,0,1868,0,0,0,0,0,0,0
"Fw4C","vwc_temp","100","9/14/2022 8:30",23.25,0,24047,0,3666,0,1925,0,0,0,0,0,0,0
"Fw4D","matric","15","9/13/2022 12:00",6.49,0.7,23843,168,8,0,1539,0,0,0,0,0,0,0
"Fw4D","matric","70","9/13/2022 12:00",0.03,0.7,23843,168,8,0,0,0,0,0,0,0,0,0
"Fw4D","matric_temp","15","9/13/2022 12:00",6.49,0,23843,0,8,0,1539,0,0,0,0,0,0,0
"Fw4D","matric_temp","70","9/13/2022 12:00",0.03,0,23843,0,8,0,0,0,0,0,0,0,0,0
"Fw4D","satext","15","9/13/2022 12:00",24.94,0,23843,0,8,5,5939,0,0,0,0,1,0,0
"Fw4D","satext","50a","9/13/2022 12:00",20.76,59.37,23843,0,8,0,4941,14156,0,0,0,0,0,0
"Fw4D","satext","50b","9/13/2022 12:00",20.76,0,23843,0,8,0,4941,0,0,0,0,0,0,0
"Fw4D","satext","68","9/13/2022 12:00",20.76,0,23843,0,8,0,4941,0,0,0,0,0,0,0
"Fw4D","vwc","15","9/13/2022 12:00",6.47,0,23843,0,8,5,1534,0,2,0,0,1,0,0
"Fw4D","vwc","50a","9/13/2022 12:00",2.28,0,23843,0,8,0,536,0,8,0,0,0,0,0
"Fw4D","vwc","50b","9/13/2022 12:00",2.28,0,23843,0,8,0,536,0,2,0,0,0,0,0
"Fw4D","vwc","68","9/13/2022 12:00",2.28,0,23843,0,8,0,536,0,1,0,0,0,0,0
"Fw4D","vwc_temp","15","9/13/2022 12:00",6.47,0,23843,0,8,5,1534,0,0,0,0,1,0,0
"Fw4D","vwc_temp","50a","9/13/2022 12:00",2.28,0,23843,0,8,0,536,0,0,0,0,0,0,0
"Fw4D","vwc_temp","50b","9/13/2022 12:00",2.28,0,23843,0,8,0,536,0,0,0,0,0,0,0
"Fw4D","vwc_temp","68","9/13/2022 12:00",2.28,0,23843,0,8,0,536,0,0,0,0,0,0,0
"Fw4E","matric","15","9/15/2022 8:45",33.5,1.09,15432,168,4031,1,1138,0,0,0,0,2,0,0
"Fw4E","matric","73","9/15/2022 8:45",41.82,1.09,15432,168,4031,1,2423,0,0,0,0,2,0,0
"Fw4E","matric_temp","15","9/15/2022 8:45",33.5,0,15432,0,4031,1,1138,0,0,0,0,2,0,0
"Fw4E","matric_temp","73","9/15/2022 8:45",41.82,0,15432,0,4031,130,2423,0,0,0,0,2,0,0
"Fw4E","satext","15","9/15/2022 8:45",56.42,1.05,15432,0,4031,19,4676,162,0,0,0,1,0,0
"Fw4E","satext","50a","9/15/2022 8:45",53.21,0,15432,0,4031,0,4180,0,0,0,0,0,0,0
"Fw4E","satext","50b","9/15/2022 8:45",53.78,0,15432,0,4031,0,4269,0,0,0,0,0,0,0
"Fw4E","satext","73","9/15/2022 8:45",52.31,0,15432,0,4031,0,4042,0,0,0,0,0,0,0
"Fw4E","vwc","15","9/15/2022 8:45",30.23,0,15432,0,4031,19,634,0,0,0,0,2,0,0
"Fw4E","vwc","50a","9/15/2022 8:45",27.02,0,15432,0,4031,0,138,0,0,0,1,1,0,0
"Fw4E","vwc","50b","9/15/2022 8:45",27.59,0,15432,0,4031,0,227,0,0,0,0,1,0,0
"Fw4E","vwc","73","9/15/2022 8:45",26.12,0,15432,0,4031,0,0,0,0,0,0,1,0,0
"Fw4E","vwc_temp","15","9/15/2022 8:45",30.23,0,15432,0,4031,19,634,0,0,0,0,2,0,0
"Fw4E","vwc_temp","50a","9/15/2022 8:45",27.02,0,15432,0,4031,0,138,0,0,0,0,1,0,0
"Fw4E","vwc_temp","50b","9/15/2022 8:45",27.59,0,15432,0,4031,0,227,0,0,0,0,1,0,0
"Fw4E","vwc_temp","73","9/15/2022 8:45",26.12,0,15432,0,4031,0,0,0,0,0,0,1,0,0
"Fw4F","matric","15","9/15/2022 16:00",18.2,1.09,15432,168,2,24,2807,0,0,0,0,0,0,0
"Fw4F","matric","85","9/15/2022 16:00",0.01,1.09,15432,168,2,0,0,0,0,0,0,0,0,0
"Fw4F","matric_temp","15","9/15/2022 16:00",18.2,0,15432,0,2,24,2807,0,0,0,0,0,0,0
"Fw4F","matric_temp","85","9/15/2022 16:00",0.01,0,15432,0,2,0,0,0,0,0,0,0,0,0
"Fw4F","satext","15","9/15/2022 16:00",38.83,0.73,15432,0,2,4,5991,112,0,0,0,7,0,0
"Fw4F","satext","50a","9/15/2022 16:00",45.54,0,15432,0,2,1,7025,0,0,0,0,1,0,0
"Fw4F","satext","50b","9/15/2022 16:00",45.52,0,15432,0,2,3,7023,0,0,0,0,1,0,0
"Fw4F","satext","85","9/15/2022 16:00",30,0,15432,0,2,0,4628,0,0,0,0,0,0,0
"Fw4F","vwc","15","9/15/2022 16:00",14.33,0,15432,0,2,12,2210,0,0,0,0,24,0,0
"Fw4F","vwc","50a","9/15/2022 16:00",25.34,0,15432,0,2,1,3908,0,0,0,0,1,0,0
"Fw4F","vwc","50b","9/15/2022 16:00",25.32,0,15432,0,2,3,3906,0,0,0,0,1,0,0
"Fw4F","vwc","85","9/15/2022 16:00",0.01,0,15432,0,2,0,0,0,0,0,0,0,0,0
"Fw4F","vwc_temp","15","9/15/2022 16:00",14.33,0,15432,0,2,12,2210,0,0,0,0,24,0,0
"Fw4F","vwc_temp","50a","9/15/2022 16:00",25.34,0,15432,0,2,1,3908,0,0,0,0,1,0,0
"Fw4F","vwc_temp","50b","9/15/2022 16:00",25.32,0,15432,0,2,3,3906,0,0,0,0,1,0,0
"Fw4F","vwc_temp","85","9/15/2022 16:00",0.01,0,15432,0,2,0,0,0,0,0,0,0,0,0
"Fw4G","matric","14","9/14/2022 9:45",0.01,1.22,13773,168,2,0,0,0,0,0,0,0,0,0
"Fw4G","matric","68","9/14/2022 9:45",0.01,1.22,13773,168,2,0,0,0,0,0,0,0,0,0
"Fw4G","matric_temp","14","9/14/2022 9:45",0.01,0,13773,0,2,0,0,0,0,0,0,0,0,0
"Fw4G","matric_temp","68","9/14/2022 9:45",0.01,0,13773,0,2,0,0,0,0,0,0,0,0,0
"Fw4G","satext","14","9/14/2022 9:45",33.62,1.79,13773,0,2,0,4629,246,0,0,0,0,0,0
"Fw4G","satext","50a","9/14/2022 9:45",33.62,12.78,13773,0,2,0,4629,1760,0,0,0,0,0,0
"Fw4G","satext","50b","9/14/2022 9:45",33.62,0,13773,0,2,0,4629,0,0,0,0,0,0,0
"Fw4G","satext","68","9/14/2022 9:45",33.62,51.68,13773,0,2,0,4629,2095,0,0,0,0,5023,0
"Fw4G","vwc","14","9/14/2022 9:45",0.01,0,13773,0,2,0,0,0,0,0,0,0,0,0
"Fw4G","vwc","50a","9/14/2022 9:45",0.01,0,13773,0,2,0,0,0,1,0,0,0,0,0
"Fw4G","vwc","50b","9/14/2022 9:45",0.01,0,13773,0,2,0,0,0,0,0,0,0,0,0
"Fw4G","vwc","68","9/14/2022 9:45",0.01,36.47,13773,0,2,0,0,0,0,0,0,0,5023,0
"Fw4G","vwc_temp","14","9/14/2022 9:45",0.01,0,13773,0,2,0,0,0,0,0,0,0,0,0
"Fw4G","vwc_temp","50a","9/14/2022 9:45",0.01,0,13773,0,2,0,0,0,0,0,0,0,0,0
"Fw4G","vwc_temp","50b","9/14/2022 9:45",0.01,0,13773,0,2,0,0,0,0,0,0,0,0,0
"Fw4G","vwc_temp","68","9/14/2022 9:45",0.01,0,13773,0,2,0,0,0,0,0,0,0,0,0
"Fw4H","matric","15","9/18/2024 15:00",0.02,2.62,6405,168,1,0,0,0,0,0,0,0,0,0
"Fw4H","matric","96","9/18/2024 15:00",0.02,2.62,6405,168,1,0,0,0,0,0,0,0,0,0
"Fw4H","matric_temp","15","9/18/2024 15:00",0.02,0,6405,0,1,0,0,0,0,0,0,0,0,0
"Fw4H","matric_temp","96","9/18/2024 15:00",0.02,0,6405,0,1,0,0,0,0,0,0,0,0,0
"Fw4H","vwc","15","9/18/2024 15:00",0.02,0,6405,0,1,0,0,0,1,0,0,0,0,0
"Fw4H","vwc","48a","9/18/2024 15:00",0.02,0,6405,0,1,0,0,0,0,0,0,0,0,0
"Fw4H","vwc","48b","9/18/2024 15:00",0.02,0,6405,0,1,0,0,0,0,0,0,0,0,0
"Fw4H","vwc","96","9/18/2024 15:00",0.02,0,6405,0,1,0,0,0,0,0,0,0,0,0
"Fw4H","vwc_temp","15","9/18/2024 15:00",0.02,0,6405,0,1,0,0,0,0,0,0,0,0,0
"Fw4H","vwc_temp","48a","9/18/2024 15:00",0.02,0,6405,0,1,0,0,0,0,0,0,0,0,0
"Fw4H","vwc_temp","48b","9/18/2024 15:00",0.02,0,6405,0,1,0,0,0,0,0,0,0,0,0
"Fw4H","vwc_temp","96","9/18/2024 15:00",0.02,0,6405,0,1,0,0,0,0,0,0,0,0,0
"Fw5A","matric","14","9/14/2022 14:00",2.82,0.7,24044,168,679,0,0,0,0,0,0,0,0,0
"Fw5A","matric","62","9/14/2022 14:00",2.82,0.7,24044,168,679,0,0,0,0,0,0,0,0,0
"Fw5A","matric_temp","14","9/14/2022 14:00",2.82,0,24044,0,679,0,0,0,0,0,0,0,0,0
"Fw5A","matric_temp","62","9/14/2022 14:00",2.82,0,24044,0,679,0,0,0,0,0,0,0,0,0
"Fw5A","satext","14","9/14/2022 14:00",22.08,3.65,24044,0,679,0,4630,877,0,0,0,0,0,0
"Fw5A","satext","50a","9/14/2022 14:00",22.08,0,24044,0,679,0,4630,0,0,0,0,0,0,0
"Fw5A","satext","50b","9/14/2022 14:00",46.64,0,24044,0,679,0,10536,0,0,0,0,0,0,0
"Fw5A","satext","62","9/14/2022 14:00",22.08,0.02,24044,0,679,0,4630,6,0,0,0,0,0,0
"Fw5A","vwc","14","9/14/2022 14:00",2.82,0,24044,0,679,0,0,0,5,0,1,0,0,0
"Fw5A","vwc","50a","9/14/2022 14:00",2.82,0,24044,0,679,0,0,0,6,0,1,0,0,0
"Fw5A","vwc","50b","9/14/2022 14:00",27.39,0,24044,0,679,0,5906,0,0,0,0,0,0,0
"Fw5A","vwc","62","9/14/2022 14:00",2.82,0,24044,0,679,0,0,0,7,0,1,0,0,0
"Fw5A","vwc_temp","14","9/14/2022 14:00",2.82,0,24044,0,679,0,0,0,0,0,0,0,0,0
"Fw5A","vwc_temp","50b","9/14/2022 14:00",27.39,0,24044,0,679,0,5906,0,0,0,0,0,0,0
"Fw5A","vwc_temp","50a","9/14/2022 14:00",2.82,0,24044,0,679,0,0,0,0,0,0,0,0,0
"Fw5A","vwc_temp","62","9/14/2022 14:00",2.82,0,24044,0,679,0,0,0,0,0,0,0,0,0
"Fw5B","matric","10","9/15/2022 11:30",14.67,1.22,13774,168,2020,74,0,0,0,0,0,0,0,0
"Fw5B","matric","72","9/15/2022 11:30",14.67,1.22,13774,168,2020,74,0,0,0,0,0,0,0,0
"Fw5B","matric_temp","10","9/15/2022 11:30",14.67,0,13774,0,2020,74,0,0,0,0,0,0,0,0
"Fw5B","matric_temp","72","9/15/2022 11:30",14.67,0,13774,0,2020,74,0,0,0,0,0,0,0,0
"Fw5B","satext","10","9/15/2022 11:30",48.27,1.5,13774,0,2020,74,4629,207,0,0,0,0,0,0
"Fw5B","satext","50a","9/15/2022 11:30",48.27,0,13774,0,2020,74,4629,0,0,0,0,0,0,0
"Fw5B","satext","50b","9/15/2022 11:30",48.27,2.18,13774,0,2020,74,4629,300,0,0,0,0,0,0
"Fw5B","satext","70","9/15/2022 11:30",48.27,0,13774,0,2020,74,4629,0,0,0,0,0,0,0
"Fw5B","vwc","10","9/15/2022 11:30",14.67,0,13774,0,2020,74,0,0,0,0,3,0,0,0
"Fw5B","vwc","50a","9/15/2022 11:30",14.67,0,13774,0,2020,74,0,0,0,0,0,0,0,0
"Fw5B","vwc","50b","9/15/2022 11:30",14.67,0,13774,0,2020,74,0,0,0,0,0,0,0,0
"Fw5B","vwc","70","9/15/2022 11:30",14.67,0,13774,0,2020,74,0,0,0,0,1,0,0,0
"Fw5B","vwc_temp","10","9/15/2022 11:30",14.67,0,13774,0,2020,74,0,0,0,0,0,0,0,0
"Fw5B","vwc_temp","50a","9/15/2022 11:30",14.67,0,13774,0,2020,74,0,0,0,0,0,0,0,0
"Fw5B","vwc_temp","50b","9/15/2022 11:30",14.67,0,13774,0,2020,74,0,0,0,0,0,0,0,0
"Fw5B","vwc_temp","70","9/15/2022 11:30",14.67,0,13774,0,2020,74,0,0,0,0,0,0,0,0
"Fw5C","matric","10","9/13/2022 15:15",4.16,0.7,24066,168,653,2,349,0,0,0,0,0,0,0
"Fw5C","matric","66","9/13/2022 15:15",2.71,0.7,24066,168,653,2,0,0,0,0,0,0,0,0
"Fw5C","matric_temp","10","9/13/2022 15:15",4.16,0,24066,0,653,2,349,0,0,0,0,0,0,0
"Fw5C","matric_temp","66","9/13/2022 15:15",2.71,0,24066,0,653,2,0,0,0,0,0,0,0,0
"Fw5C","satext","10","9/13/2022 15:15",23.38,5.65,24066,0,653,2,4974,1359,0,0,0,3,0,0
"Fw5C","satext","50a","9/13/2022 15:15",21.95,0,24066,0,653,2,4630,0,0,0,0,0,0,0
"Fw5C","satext","50b","9/13/2022 15:15",21.95,0,24066,0,653,2,4630,0,0,0,0,0,0,0
"Fw5C","satext","60","9/13/2022 15:15",21.95,0,24066,0,653,2,4630,0,0,0,0,0,0,0
"Fw5C","vwc","10","9/13/2022 15:15",4.14,0,24066,0,653,2,344,0,0,0,0,3,0,0
"Fw5C","vwc","50a","9/13/2022 15:15",2.71,0,24066,0,653,2,0,0,7,0,0,0,0,0
"Fw5C","vwc","50b","9/13/2022 15:15",2.71,0,24066,0,653,2,0,0,1,0,0,0,0,0
"Fw5C","vwc","60","9/13/2022 15:15",2.71,0,24066,0,653,2,0,0,8,0,0,0,0,0
"Fw5C","vwc_temp","10","9/13/2022 15:15",4.14,0,24066,0,653,2,344,0,0,0,0,3,0,0
"Fw5C","vwc_temp","50a","9/13/2022 15:15",2.71,0,24066,0,653,2,0,0,0,0,0,0,0,0
"Fw5C","vwc_temp","50b","9/13/2022 15:15",2.71,0,24066,0,653,2,0,0,0,0,0,0,0,0
"Fw5C","vwc_temp","60","9/13/2022 15:15",2.71,0,24066,0,653,2,0,0,0,0,0,0,0,0
"Fw5D","matric","15","9/15/2022 12:00",2.93,1.22,13774,168,403,0,0,0,0,0,0,0,0,0
"Fw5D","matric","100","9/15/2022 12:00",2.93,1.22,13774,168,403,0,0,0,0,0,0,0,0,0
"Fw5D","matric_temp","15","9/15/2022 12:00",2.93,0,13774,0,403,0,0,0,0,0,0,0,0,0
"Fw5D","matric_temp","100","9/15/2022 12:00",2.93,0,13774,0,403,0,0,0,0,0,0,0,0,0
"Fw5D","satext","15","9/15/2022 12:00",33.75,1.22,13774,0,403,0,4246,168,0,0,0,0,0,0
"Fw5D","satext","50a","9/15/2022 12:00",33.75,0,13774,0,403,0,4246,0,0,0,0,0,0,0
"Fw5D","satext","50b","9/15/2022 12:00",33.75,0,13774,0,403,0,4246,0,0,0,0,0,0,0
"Fw5D","satext","100","9/15/2022 12:00",33.75,0,13774,0,403,0,4246,0,0,0,0,0,0,0
"Fw5D","vwc","15","9/15/2022 12:00",2.93,0,13774,0,403,0,0,0,0,0,0,0,0,0
"Fw5D","vwc","50a","9/15/2022 12:00",2.93,0,13774,0,403,0,0,0,0,0,2,0,0,0
"Fw5D","vwc","50b","9/15/2022 12:00",2.93,0,13774,0,403,0,0,0,0,0,1,0,0,0
"Fw5D","vwc","100","9/15/2022 12:00",2.93,0,13774,0,403,0,0,0,0,0,0,0,0,0
"Fw5D","vwc_temp","15","9/15/2022 12:00",2.93,0,13774,0,403,0,0,0,0,0,0,0,0,0
"Fw5D","vwc_temp","50a","9/15/2022 12:00",2.93,0,13774,0,403,0,0,0,0,0,0,0,0,0
"Fw5D","vwc_temp","50b","9/15/2022 12:00",2.93,0,13774,0,403,0,0,0,0,0,0,0,0,0
"Fw5D","vwc_temp","100","9/15/2022 12:00",2.93,0,13774,0,403,0,0,0,0,0,0,0,0,0
"Fw5E","matric","15","9/14/2022 11:15",45.57,2.21,7615,168,3470,66,0,0,0,0,0,0,0,0
"Fw5E","matric","70","9/14/2022 11:15",45.57,2.21,7615,168,3470,66,0,0,0,0,0,0,0,0
"Fw5E","matric_temp","15","9/14/2022 11:15",45.57,0,7615,0,3470,66,0,0,0,0,0,0,0,0
"Fw5E","matric_temp","70","9/14/2022 11:15",45.57,0,7615,0,3470,66,0,0,0,0,0,0,0,0
"Fw5E","satext","15","9/14/2022 11:15",74.84,22.04,7615,0,3470,64,2229,1678,0,0,0,0,0,0
"Fw5E","satext","50a","9/14/2022 11:15",74.84,13.09,7615,0,3470,64,2229,997,0,0,0,0,0,0
"Fw5E","satext","50b","9/14/2022 11:15",74.84,12.8,7615,0,3470,64,2229,975,0,0,0,0,0,0
"Fw5E","satext","70","9/14/2022 11:15",74.84,0,7615,0,3470,64,2229,0,0,0,0,0,0,0
"Fw5E","vwc","15","9/14/2022 11:15",45.57,0,7615,0,3470,66,0,0,0,0,0,0,0,0
"Fw5E","vwc","50a","9/14/2022 11:15",45.57,0,7615,0,3470,66,0,0,0,0,0,0,0,0
"Fw5E","vwc","50b","9/14/2022 11:15",45.57,0,7615,0,3470,66,0,0,0,0,0,0,0,0
"Fw5E","vwc","70","9/14/2022 11:15",45.57,0,7615,0,3470,66,0,0,0,0,0,0,0,0
"Fw5E","vwc_temp","15","9/14/2022 11:15",45.57,0,7615,0,3470,66,0,0,0,0,0,0,0,0
"Fw5E","vwc_temp","50a","9/14/2022 11:15",45.57,0,7615,0,3470,66,0,0,0,0,0,0,0,0
"Fw5E","vwc_temp","50b","9/14/2022 11:15",45.57,0,7615,0,3470,66,0,0,0,0,0,0,0,0
"Fw5E","vwc_temp","70","9/14/2022 11:15",45.57,0,7615,0,3470,66,0,0,0,0,0,0,0,0
"Fw5F","matric","10","9/14/2022 10:45",7.28,0.7,24046,168,1751,0,0,0,0,0,0,0,0,0
"Fw5F","matric","58","9/14/2022 10:45",7.28,0.7,24046,168,1751,0,0,0,0,0,0,0,0,0
"Fw5F","matric_temp","10","9/14/2022 10:45",7.28,0,24046,0,1751,0,0,0,0,0,0,0,0,0
"Fw5F","matric_temp","58","9/14/2022 10:45",7.28,0,24046,0,1751,0,0,0,0,0,0,0,0,0
"Fw5F","satext","10","9/14/2022 10:45",26.54,131.19,24046,0,1751,0,4630,7501,0,0,0,0,24046,0
"Fw5F","satext","50a","9/14/2022 10:45",36.51,59.55,24046,0,1751,0,7027,14320,0,0,0,0,0,0
"Fw5F","satext","50b","9/14/2022 10:45",26.54,53.44,24046,0,1751,0,4630,12849,0,0,0,0,0,0
"Fw5F","satext","58","9/14/2022 10:45",26.54,1.14,24046,0,1751,0,4630,273,0,0,0,0,0,0
"Fw5F","vwc","10","9/14/2022 10:45",34.34,100,24046,0,1751,19,6507,0,0,0,51,12,24046,579
"Fw5F","vwc","50a","9/14/2022 10:45",17.25,0,24046,0,1751,0,2397,0,4,0,0,0,0,0
"Fw5F","vwc","50b","9/14/2022 10:45",7.28,0,24046,0,1751,0,0,0,5,0,0,0,0,0
"Fw5F","vwc","58","9/14/2022 10:45",7.28,0,24046,0,1751,0,0,0,6,0,0,0,0,0
"Fw5F","vwc_temp","10","9/14/2022 10:45",7.28,0,24046,0,1751,0,0,0,0,0,0,0,0,0
"Fw5F","vwc_temp","50a","9/14/2022 10:45",17.25,0,24046,0,1751,0,2397,0,0,0,0,0,0,0
"Fw5F","vwc_temp","50b","9/14/2022 10:45",7.28,0,24046,0,1751,0,0,0,0,0,0,0,0,0
"Fw5F","vwc_temp","58","9/14/2022 10:45",7.28,0,24046,0,1751,0,0,0,0,0,0,0,0,0
"Fw5G","matric","10","9/15/2022 15:30",12.12,1.1,15274,168,1353,2,498,0,0,0,0,0,0,0
"Fw5G","matric","92","9/15/2022 15:30",17.13,1.1,15274,168,1353,2,1263,0,0,0,0,0,0,0
"Fw5G","matric_temp","10","9/15/2022 15:30",12.12,0,15274,0,1353,2,498,0,0,0,0,0,0,0
"Fw5G","matric_temp","92","9/15/2022 15:30",17.13,0,15274,0,1353,2,1263,0,0,0,0,0,0,0
"Fw5G","satext","10","9/15/2022 15:30",41.07,0,15274,0,1353,2,4920,0,0,0,0,5,0,0
"Fw5G","satext","50a","9/15/2022 15:30",38.16,0,15274,0,1353,2,4476,0,0,0,0,0,0,0
"Fw5G","satext","50b","9/15/2022 15:30",38.16,0,15274,0,1353,2,4476,0,0,0,0,0,0,0
"Fw5G","satext","90","9/15/2022 15:30",38.16,0,15274,0,1353,2,4476,0,0,0,0,0,0,0
"Fw5G","vwc","10","9/15/2022 15:30",11.77,0,15274,0,1353,2,444,0,1,0,1,5,0,0
"Fw5G","vwc","50a","9/15/2022 15:30",8.86,0,15274,0,1353,2,0,0,0,0,0,0,0,0
"Fw5G","vwc","50b","9/15/2022 15:30",8.86,0,15274,0,1353,2,0,0,0,0,1,0,0,0
"Fw5G","vwc","90","9/15/2022 15:30",8.86,0,15274,0,1353,2,0,0,0,0,0,0,0,0
"Fw5G","vwc_temp","10","9/15/2022 15:30",11.77,0,15274,0,1353,2,444,0,0,0,0,5,0,0
"Fw5G","vwc_temp","50a","9/15/2022 15:30",8.86,0,15274,0,1353,2,0,0,0,0,0,0,0,0
"Fw5G","vwc_temp","50b","9/15/2022 15:30",8.86,0,15274,0,1353,2,0,0,0,0,0,0,0,0
"Fw5G","vwc_temp","90","9/15/2022 15:30",8.86,0,15274,0,1353,2,0,0,0,0,0,0,0,0
"Fw5H","matric","12","9/14/2022 14:30",5.91,0.7,24042,168,1422,0,0,0,0,0,0,1,0,0
"Fw5H","matric","68","9/14/2022 14:30",5.91,0.7,24042,168,1422,0,0,0,0,0,0,1,0,0
"Fw5H","matric_temp","12","9/14/2022 14:30",5.91,0,24042,0,1422,0,0,0,0,0,0,1,0,0
"Fw5H","matric_temp","68","9/14/2022 14:30",5.91,0,24042,0,1422,0,0,0,0,0,0,1,0,0
"Fw5H","satext","12","9/14/2022 14:30",30.75,4.24,24042,0,1422,0,5971,1020,0,0,0,1,0,0
"Fw5H","satext","50a","9/14/2022 14:30",30.35,12.12,24042,0,1422,0,5874,2914,0,0,0,1,0,0
"Fw5H","satext","50b","9/14/2022 14:30",30.75,3.56,24042,0,1422,0,5971,856,0,0,0,1,0,0
"Fw5H","satext","78","9/14/2022 14:30",30.75,14.25,24042,0,1422,0,5971,3425,0,0,0,1,0,0
"Fw5H","vwc","12","9/14/2022 14:30",11.49,0,24042,0,1422,0,1341,0,6,0,4,1,0,0
"Fw5H","vwc","50a","9/14/2022 14:30",11.09,0,24042,0,1422,0,1244,0,2,0,2,1,0,0
"Fw5H","vwc","50b","9/14/2022 14:30",11.49,0,24042,0,1422,0,1341,0,1,0,0,1,0,0
"Fw5H","vwc","78","9/14/2022 14:30",11.49,0,24042,0,1422,0,1341,0,3,0,0,1,0,0
"Fw5H","vwc_temp","12","9/14/2022 14:30",11.49,0,24042,0,1422,0,1341,0,0,0,0,1,0,0
"Fw5H","vwc_temp","50a","9/14/2022 14:30",11.09,0,24042,0,1422,0,1244,0,0,0,0,1,0,0
"Fw5H","vwc_temp","50b","9/14/2022 14:30",11.49,0,24042,0,1422,0,1341,0,0,0,0,1,0,0
"Fw5H","vwc_temp","78","9/14/2022 14:30",11.49,0,24042,0,1422,0,1341,0,0,0,0,1,0,0
"Fw6A","matric","15","10/23/2024 15:00",13.22,3.02,5566,168,736,0,0,0,0,0,0,0,0,0
"Fw6A","matric","77","10/23/2024 15:00",13.58,3.02,5566,168,736,0,20,0,0,0,0,0,0,0
"Fw6A","matric_temp","15","10/23/2024 15:00",13.22,0,5566,0,736,0,0,0,0,0,0,0,0,0
"Fw6A","matric_temp","77","10/23/2024 15:00",13.58,0,5566,0,736,0,20,0,0,0,0,0,0,0
"Fw6A","vwc","14","10/23/2024 15:00",13.22,0,5566,0,736,0,0,0,0,0,0,0,0,0
"Fw6A","vwc","50a","10/23/2024 15:00",13.76,0,5566,0,736,0,30,0,0,0,0,0,0,0
"Fw6A","vwc","50b","10/23/2024 15:00",13.76,0,5566,0,736,0,30,0,0,0,0,0,0,0
"Fw6A","vwc","75","10/23/2024 15:00",13.58,0,5566,0,736,0,20,0,0,0,0,0,0,0
"Fw6A","vwc_temp","14","10/23/2024 15:00",13.22,0,5566,0,736,0,0,0,0,0,0,0,0,0
"Fw6A","vwc_temp","50a","10/23/2024 15:00",13.76,0,5566,0,736,0,30,0,0,0,0,0,0,0
"Fw6A","vwc_temp","50b","10/23/2024 15:00",13.76,0,5566,0,736,0,30,0,0,0,0,0,0,0
"Fw6A","vwc_temp","75","10/23/2024 15:00",13.58,0,5566,0,736,0,20,0,0,0,0,0,0,0
"Fw6B","matric","13","10/30/2024 13:30",0.02,3.11,5399,168,1,0,0,0,0,0,0,0,0,0
"Fw6B","matric","60","10/30/2024 13:30",0.02,3.11,5399,168,1,0,0,0,0,0,0,0,0,0
"Fw6B","matric_temp","13","10/30/2024 13:30",0.02,0,5399,0,1,0,0,0,0,0,0,0,0,0
"Fw6B","matric_temp","60","10/30/2024 13:30",0.02,0,5399,0,1,0,0,0,0,0,0,0,0,0
"Fw6B","vwc","13","10/30/2024 13:30",0.02,0,5399,0,1,0,0,0,0,0,0,0,0,0
"Fw6B","vwc","50a","10/30/2024 13:30",0.02,0,5399,0,1,0,0,0,0,0,3,0,0,0
"Fw6B","vwc","50b","10/30/2024 13:30",0.02,0,5399,0,1,0,0,0,0,0,0,0,0,0
"Fw6B","vwc","65","10/30/2024 13:30",0.02,0,5399,0,1,0,0,0,0,0,0,0,0,0
"Fw6B","vwc_temp","13","10/30/2024 13:30",0.02,0,5399,0,1,0,0,0,0,0,0,0,0,0
"Fw6B","vwc_temp","50a","10/30/2024 13:30",0.02,0,5399,0,1,0,0,0,0,0,0,0,0,0
"Fw6B","vwc_temp","50b","10/30/2024 13:30",0.02,0,5399,0,1,0,0,0,0,0,0,0,0,0
"Fw6B","vwc_temp","65","10/30/2024 13:30",0.02,0,5399,0,1,0,0,0,0,0,0,0,0,0
"Fw7A","matric","17","10/24/2024 14:00",12.29,3.03,5542,168,680,17,1,0,0,0,0,2,0,0
"Fw7A","matric","92","10/24/2024 14:00",12.29,3.03,5542,168,680,17,1,0,0,0,0,2,0,0
"Fw7A","matric_temp","17","10/24/2024 14:00",12.29,0,5542,0,680,17,1,0,0,0,0,2,0,0
"Fw7A","matric_temp","92","10/24/2024 14:00",12.29,0,5542,0,680,17,1,0,0,0,0,2,0,0
"Fw7A","vwc","17","10/24/2024 14:00",12.29,0,5542,0,680,17,1,0,0,0,1,2,0,0
"Fw7A","vwc","51","10/24/2024 14:00",12.29,0,5542,0,680,17,1,0,0,0,0,2,0,0
"Fw7A","vwc","52","10/24/2024 14:00",12.29,0,5542,0,680,17,1,0,0,0,0,2,0,0
"Fw7A","vwc","92","10/24/2024 14:00",12.29,0,5542,0,680,17,1,0,0,0,0,2,0,0
"Fw7A","vwc_temp","17","10/24/2024 14:00",12.29,0,5542,0,680,17,1,0,0,0,0,2,0,0
"Fw7A","vwc_temp","51","10/24/2024 14:00",12.29,0,5542,0,680,17,1,0,0,0,0,2,0,0
"Fw7A","vwc_temp","52","10/24/2024 14:00",12.29,0,5542,0,680,17,1,0,0,0,0,2,0,0
"Fw7A","vwc_temp","92","10/24/2024 14:00",12.29,0,5542,0,680,17,1,0,0,0,0,2,0,0
"Fw7B","matric","15","10/29/2024 15:00",3.36,3.1,5414,168,182,0,0,0,0,0,0,0,0,0
"Fw7B","matric","95","10/29/2024 15:00",3.36,3.1,5414,168,182,0,0,0,0,0,0,0,0,0
"Fw7B","matric_temp","15","10/29/2024 15:00",3.36,0,5414,0,182,0,0,0,0,0,0,0,0,0
"Fw7B","matric_temp","95","10/29/2024 15:00",3.36,0,5414,0,182,0,0,0,0,0,0,0,0,0
"Fw7B","vwc","15","10/29/2024 15:00",3.36,0,5414,0,182,0,0,0,0,0,1,0,0,0
"Fw7B","vwc","45","10/29/2024 15:00",3.36,0,5414,0,182,0,0,0,0,0,0,0,0,0
"Fw7B","vwc","50","10/29/2024 15:00",3.36,0,5414,0,182,0,0,0,0,0,0,0,0,0
"Fw7B","vwc","95","10/29/2024 15:00",3.36,0,5414,0,182,0,0,0,0,0,0,0,0,0
"Fw7B","vwc_temp","15","10/29/2024 15:00",3.36,0,5414,0,182,0,0,0,0,0,0,0,0,0
"Fw7B","vwc_temp","45","10/29/2024 15:00",3.36,0,5414,0,182,0,0,0,0,0,0,0,0,0
"Fw7B","vwc_temp","50","10/29/2024 15:00",3.36,0,5414,0,182,0,0,0,0,0,0,0,0,0
"Fw7B","vwc_temp","95","10/29/2024 15:00",3.36,0,5414,0,182,0,0,0,0,0,0,0,0,0
"Cw32A","matric","15","3/30/2022 16:00",31.02,0.62,26898,168,3660,0,4683,0,0,0,0,0,0,0
"Cw32A","matric","43","3/30/2022 16:00",34.67,0.62,26898,168,3660,0,5666,0,0,0,0,0,0,0
"Cw32A","matric_temp","15","3/30/2022 16:00",31.02,0,26898,0,3660,0,4683,0,0,0,0,0,0,0
"Cw32A","matric_temp","43","3/30/2022 16:00",34.67,0,26898,0,3660,0,5666,0,0,0,0,0,0,0
"Cw32A","satext","15a","3/30/2022 16:00",100,0,26898,0,3660,0,23238,0,0,0,0,0,0,0
"Cw32A","satext","15b","3/30/2022 16:00",100,0,26898,0,3660,0,23238,0,0,0,0,0,0,0
"Cw32A","satext","43a","3/30/2022 16:00",100,0,26898,0,3660,0,23238,0,0,0,0,0,0,0
"Cw32A","satext","43b","3/30/2022 16:00",100,0,26898,0,3660,0,23238,0,0,0,0,0,0,0
"Cw32A","vwc","15a","3/30/2022 16:00",31.02,0,26898,0,3660,0,4683,0,0,0,0,0,0,0
"Cw32A","vwc","15b","3/30/2022 16:00",31.02,0,26898,0,3660,0,4683,0,0,0,0,0,0,0
"Cw32A","vwc","43a","3/30/2022 16:00",31.02,0,26898,0,3660,0,4683,0,0,0,0,0,0,0
"Cw32A","vwc","43b","3/30/2022 16:00",31.02,0,26898,0,3660,0,4683,0,0,0,0,0,0,0
"Cw32A","vwc_temp","15a","3/30/2022 16:00",31.02,0,26898,0,3660,0,4683,0,0,0,0,0,0,0
"Cw32A","vwc_temp","15b","3/30/2022 16:00",31.02,0,26898,0,3660,0,4683,0,0,0,0,0,0,0
"Cw32A","vwc_temp","43a","3/30/2022 16:00",31.02,0,26898,0,3660,0,4683,0,0,0,0,0,0,0
"Cw32A","vwc_temp","43b","3/30/2022 16:00",31.02,0,26898,0,3660,0,4683,0,0,0,0,0,0,0
"Cw32B","matric","15","3/30/2022 15:00",25.02,0.63,26842,168,3351,55,3365,0,0,0,0,0,0,0
"Cw32B","matric","91","3/30/2022 15:00",23.22,0.63,26842,168,3351,55,2882,0,0,0,0,0,0,0
"Cw32B","matric_temp","15","3/30/2022 15:00",25.02,0,26842,0,3351,55,3365,0,0,0,0,0,0,0
"Cw32B","matric_temp","91","3/30/2022 15:00",23.22,0,26842,0,3351,55,2882,0,0,0,0,0,0,0
"Cw32B","satext","15","3/30/2022 15:00",86.12,0,26842,0,3351,0,19764,0,0,0,0,0,0,0
"Cw32B","satext","50a","3/30/2022 15:00",86.12,0,26842,0,3351,0,19764,0,0,0,0,0,0,0
"Cw32B","satext","50b","3/30/2022 15:00",86.12,0,26842,0,3351,0,19764,0,0,0,0,0,0,0
"Cw32B","satext","91","3/30/2022 15:00",86.12,13.6,26842,0,3351,0,19764,3650,0,0,0,0,0,0
"Cw32B","vwc","15","3/30/2022 15:00",23.22,0,26842,0,3351,55,2882,0,0,0,0,0,0,0
"Cw32B","vwc","50a","3/30/2022 15:00",23.22,0,26842,0,3351,55,2882,0,0,0,0,0,0,0
"Cw32B","vwc","50b","3/30/2022 15:00",23.22,0,26842,0,3351,55,2882,0,0,0,0,0,0,0
"Cw32B","vwc","91","3/30/2022 15:00",23.22,0,26842,0,3351,55,2882,0,0,0,0,0,0,0
"Cw32B","vwc_temp","15","3/30/2022 15:00",23.22,0,26842,0,3351,55,2882,0,0,0,0,0,0,0
"Cw32B","vwc_temp","50a","3/30/2022 15:00",23.22,0,26842,0,3351,55,2882,0,0,0,0,0,0,0
"Cw32B","vwc_temp","50b","3/30/2022 15:00",23.22,0,26842,0,3351,55,2882,0,0,0,0,0,0,0
"Cw32B","vwc_temp","91","3/30/2022 15:00",23.22,0,26842,0,3351,55,2882,0,0,0,0,0,0,0
"Cw32C","matric","15","3/13/2023 16:30",27.76,0.62,26902,168,7467,7,0,0,0,0,0,0,0,0
"Cw32C","matric","79","3/13/2023 16:30",27.76,0.62,26902,168,7467,7,0,0,0,0,0,0,0,0
"Cw32C","matric_temp","15","3/13/2023 16:30",27.76,0,26902,0,7467,7,0,0,0,0,0,0,0,0
"Cw32C","matric_temp","79","3/13/2023 16:30",27.76,0,26902,0,7467,7,0,0,0,0,0,0,0,0
"Cw32C","satext","15","3/13/2023 16:30",89.64,0,26902,0,7467,0,16648,0,0,0,0,0,0,0
"Cw32C","satext","50a","3/13/2023 16:30",92.17,0,26902,0,7467,0,17328,0,0,0,0,0,0,0
"Cw32C","satext","50b","3/13/2023 16:30",89.64,0,26902,0,7467,0,16648,0,0,0,0,0,0,0
"Cw32C","satext","79","3/13/2023 16:30",89.64,0,26902,0,7467,0,16648,0,0,0,0,0,0,0
"Cw32C","vwc","15","3/13/2023 16:30",27.76,0,26902,0,7467,7,0,0,0,0,0,0,0,0
"Cw32C","vwc","50a","3/13/2023 16:30",30.28,0,26902,0,7467,7,680,0,0,0,0,0,0,0
"Cw32C","vwc","50b","3/13/2023 16:30",27.76,0,26902,0,7467,7,0,0,0,0,0,0,0,0
"Cw32C","vwc","79","3/13/2023 16:30",27.76,0,26902,0,7467,7,0,0,0,0,0,0,0,0
"Cw32C","vwc_temp","15","3/13/2023 16:30",27.76,0,26902,0,7467,7,0,0,0,0,0,0,0,0
"Cw32C","vwc_temp","50a","3/13/2023 16:30",30.28,0,26902,0,7467,7,680,0,0,0,0,0,0,0
"Cw32C","vwc_temp","50b","3/13/2023 16:30",27.76,0,26902,0,7467,7,0,0,0,0,0,0,0,0
"Cw32C","vwc_temp","79","3/13/2023 16:30",27.76,0,26902,0,7467,7,0,0,0,0,0,0,0,0
"Cw32D","matric","15","3/30/2022 17:00",35.9,0.62,26897,168,9657,80,0,0,0,0,0,1,0,0
"Cw32D","matric","90","3/30/2022 17:00",35.9,0.62,26897,168,9657,80,0,0,0,0,0,1,0,0
"Cw32D","matric_temp","15","3/30/2022 17:00",35.9,0,26897,0,9657,80,0,0,0,0,0,1,0,0
"Cw32D","matric_temp","90","3/30/2022 17:00",35.9,0,26897,0,9657,80,0,0,0,0,0,1,0,0
"Cw32D","satext","15","3/30/2022 17:00",100,0,26897,0,9657,0,17240,0,0,0,0,0,0,0
"Cw32D","satext","50a","3/30/2022 17:00",100,0,26897,0,9657,0,17240,0,0,0,0,0,0,0
"Cw32D","satext","50b","3/30/2022 17:00",100,0,26897,0,9657,0,17240,0,0,0,0,0,0,0
"Cw32D","satext","90","3/30/2022 17:00",100,0,26897,0,9657,0,17240,0,0,0,0,0,0,0
"Cw32D","vwc","15","3/30/2022 17:00",36.19,0,26897,0,9657,2,78,0,0,0,0,1,0,0
"Cw32D","vwc","50a","3/30/2022 17:00",36.19,0,26897,0,9657,2,78,0,0,0,0,1,0,0
"Cw32D","vwc","50b","3/30/2022 17:00",35.9,0,26897,0,9657,80,0,0,0,0,0,1,0,0
"Cw32D","vwc","90","3/30/2022 17:00",35.9,0,26897,0,9657,80,0,0,0,0,0,1,0,0
"Cw32D","vwc_temp","15","3/30/2022 17:00",36.19,0,26897,0,9657,2,78,0,0,0,0,1,0,0
"Cw32D","vwc_temp","50a","3/30/2022 17:00",36.19,0,26897,0,9657,2,78,0,0,0,0,1,0,0
"Cw32D","vwc_temp","50b","3/30/2022 17:00",35.9,0,26897,0,9657,80,0,0,0,0,0,1,0,0
"Cw32D","vwc_temp","90","3/30/2022 17:00",35.9,0,26897,0,9657,80,0,0,0,0,0,1,0,0
"Cw32E","matric","15","3/30/2022 11:30",34.47,0.63,26679,168,9197,40,0,0,0,0,0,0,0,0
"Cw32E","matric","90","3/30/2022 11:30",34.47,0.63,26679,168,9197,40,0,0,0,0,0,0,0,0
"Cw32E","matric_temp","15","3/30/2022 11:30",34.47,0,26679,0,9197,40,0,0,0,0,0,0,0,0
"Cw32E","matric_temp","90","3/30/2022 11:30",34.47,0,26679,0,9197,40,0,0,0,0,0,0,0,0
"Cw32E","satext","15","3/30/2022 11:30",89.06,0,26679,0,9197,0,14563,0,0,0,0,0,0,0
"Cw32E","satext","50a","3/30/2022 11:30",89.06,9.86,26679,0,9197,0,14563,2630,0,0,0,0,0,0
"Cw32E","satext","50b","3/30/2022 11:30",89.06,0.8,26679,0,9197,0,14563,213,0,0,0,0,0,0
"Cw32E","satext","90","3/30/2022 11:30",89.06,0,26679,0,9197,0,14563,0,0,0,0,0,0,0
"Cw32E","vwc","15","3/30/2022 11:30",34.47,0,26679,0,9197,40,0,0,0,0,0,0,0,0
"Cw32E","vwc","50a","3/30/2022 11:30",34.47,0,26679,0,9197,40,0,0,0,0,0,0,0,0
"Cw32E","vwc","50b","3/30/2022 11:30",34.47,0,26679,0,9197,40,0,0,0,0,0,0,0,0
"Cw32E","vwc","90","3/30/2022 11:30",34.47,0,26679,0,9197,40,0,0,0,0,0,0,0,0
"Cw32E","vwc_temp","15","3/30/2022 11:30",34.47,0,26679,0,9197,40,0,0,0,0,0,0,0,0
"Cw32E","vwc_temp","50a","3/30/2022 11:30",34.47,0,26679,0,9197,40,0,0,0,0,0,0,0,0
"Cw32E","vwc_temp","50b","3/30/2022 11:30",34.47,0,26679,0,9197,40,0,0,0,0,0,0,0,0
"Cw32E","vwc_temp","90","3/30/2022 11:30",34.47,0,26679,0,9197,40,0,0,0,0,0,0,0,0
"Cw32F","matric","15","3/30/2022 17:00",41.89,100.63,26846,168,11246,32,0,0,0,0,0,0,26846,0
"Cw32F","matric","80","3/30/2022 17:00",41.89,0.63,26846,168,11246,32,0,0,0,0,0,0,0,0
"Cw32F","matric_temp","15","3/30/2022 17:00",41.89,0,26846,0,11246,32,0,0,0,0,0,0,0,0
"Cw32F","matric_temp","80","3/30/2022 17:00",41.89,0,26846,0,11246,32,0,0,0,0,0,0,0,0
"Cw32F","satext","15","3/30/2022 17:00",88.23,0,26846,0,11246,0,12440,0,0,0,0,0,0,0
"Cw32F","satext","50a","3/30/2022 17:00",88.23,0,26846,0,11246,0,12440,0,0,0,0,0,0,0
"Cw32F","satext","50b","3/30/2022 17:00",88.23,0,26846,0,11246,0,12440,0,0,0,0,0,0,0
"Cw32F","satext","80","3/30/2022 17:00",88.23,0,26846,0,11246,0,12440,0,0,0,0,0,0,0
"Cw32F","vwc","15","3/30/2022 17:00",41.89,0,26846,0,11246,32,0,0,0,0,0,0,0,0
"Cw32F","vwc","50a","3/30/2022 17:00",41.89,0,26846,0,11246,32,0,0,0,0,0,0,0,0
"Cw32F","vwc","50b","3/30/2022 17:00",41.89,0,26846,0,11246,32,0,0,0,0,0,0,0,0
"Cw32F","vwc","80","3/30/2022 17:00",41.89,0,26846,0,11246,32,0,0,0,0,0,0,0,0
"Cw32F","vwc_temp","15","3/30/2022 17:00",41.89,0,26846,0,11246,32,0,0,0,0,0,0,0,0
"Cw32F","vwc_temp","50a","3/30/2022 17:00",41.89,0,26846,0,11246,32,0,0,0,0,0,0,0,0
"Cw32F","vwc_temp","50b","3/30/2022 17:00",41.89,0,26846,0,11246,32,0,0,0,0,0,0,0,0
"Cw32F","vwc_temp","80","3/30/2022 17:00",41.89,0,26846,0,11246,32,0,0,0,0,0,0,0,0
"Cw7A","matric","19","3/28/2022 13:15",60.94,0.62,26973,168,8906,111,7531,0,0,0,0,0,0,0
"Cw7A","matric","64","3/28/2022 13:15",53.74,0.62,26973,168,8906,111,5589,0,0,0,0,0,0,0
"Cw7A","matric_temp","19","3/28/2022 13:15",60.94,0,26973,0,8906,111,7531,0,0,0,0,0,0,0
"Cw7A","matric_temp","64","3/28/2022 13:15",53.74,0,26973,0,8906,111,5589,0,0,0,0,0,0,0
"Cw7A","satext","20","3/28/2022 13:15",95.4,0,26973,0,8906,0,16825,0,0,0,0,0,0,0
"Cw7A","satext","50a","3/28/2022 13:15",95.4,0,26973,0,8906,0,16825,0,0,0,0,0,0,0
"Cw7A","satext","50b","3/28/2022 13:15",95.4,0,26973,0,8906,0,16825,0,0,0,0,0,0,0
"Cw7A","satext","64","3/28/2022 13:15",95.4,4.58,26973,0,8906,0,16825,1235,0,0,0,0,0,0
"Cw7A","vwc","20","3/28/2022 13:15",53.74,0,26973,0,8906,111,5589,0,0,0,2,0,0,0
"Cw7A","vwc","50a","3/28/2022 13:15",60.94,0,26973,0,8906,111,7531,0,0,0,1,0,0,0
"Cw7A","vwc","50b","3/28/2022 13:15",53.74,0,26973,0,8906,111,5589,0,0,0,0,0,0,0
"Cw7A","vwc","64","3/28/2022 13:15",53.74,0,26973,0,8906,111,5589,0,0,0,1,0,0,0
"Cw7A","vwc_temp","20","3/28/2022 13:15",53.74,0,26973,0,8906,111,5589,0,0,0,0,0,0,0
"Cw7A","vwc_temp","50a","3/28/2022 13:15",60.94,0,26973,0,8906,111,7531,0,0,0,0,0,0,0
"Cw7A","vwc_temp","50b","3/28/2022 13:15",53.74,0,26973,0,8906,111,5589,0,0,0,0,0,0,0
"Cw7A","vwc_temp","64","3/28/2022 13:15",53.74,0,26973,0,8906,111,5589,0,0,0,0,0,0,0
"Cw7B","matric","18","3/28/2022 14:45",32.19,0.62,26971,168,5536,3,3146,0,0,0,0,0,0,0
"Cw7B","matric","90","3/28/2022 14:45",37.73,0.62,26971,168,5536,3,4641,0,0,0,0,0,0,0
"Cw7B","matric_temp","18","3/28/2022 14:45",32.19,0,26971,0,5536,3,3146,0,0,0,0,0,0,0
"Cw7B","matric_temp","90","3/28/2022 14:45",37.73,0,26971,0,5536,3,4641,0,0,0,0,0,0,0
"Cw7B","satext","18","3/28/2022 14:45",91.44,0,26971,0,5536,0,19126,0,0,0,0,0,0,0
"Cw7B","satext","50a","3/28/2022 14:45",91.44,0,26971,0,5536,0,19126,0,0,0,0,0,0,0
"Cw7B","satext","50b","3/28/2022 14:45",91.44,0,26971,0,5536,0,19126,0,0,0,0,0,0,0
"Cw7B","satext","90","3/28/2022 14:45",91.44,0,26971,0,5536,0,19126,0,0,0,0,0,0,0
"Cw7B","vwc","18","3/28/2022 14:45",32.19,0,26971,0,5536,3,3146,0,0,0,0,0,0,0
"Cw7B","vwc","50a","3/28/2022 14:45",35.53,0,26971,0,5536,3,4047,0,0,0,0,0,0,0
"Cw7B","vwc","50b","3/28/2022 14:45",32.19,0,26971,0,5536,3,3146,0,0,0,1,0,0,0
"Cw7B","vwc","90","3/28/2022 14:45",32.19,0,26971,0,5536,3,3146,0,0,0,0,0,0,0
"Cw7B","vwc_temp","18","3/28/2022 14:45",32.19,0,26971,0,5536,3,3146,0,0,0,0,0,0,0
"Cw7B","vwc_temp","50a","3/28/2022 14:45",35.53,0,26971,0,5536,3,4047,0,0,0,0,0,0,0
"Cw7B","vwc_temp","50b","3/28/2022 14:45",32.19,0,26971,0,5536,3,3146,0,0,0,0,0,0,0
"Cw7B","vwc_temp","90","3/28/2022 14:45",32.19,0,26971,0,5536,3,3146,0,0,0,0,0,0,0
"Cw7C","matric","18","3/29/2022 12:30",27.94,0.88,19117,168,4970,29,371,0,0,0,0,0,0,0
"Cw7C","matric","94","3/29/2022 12:30",27.94,0.88,19117,168,4970,29,371,0,0,0,0,0,0,0
"Cw7C","matric_temp","18","3/29/2022 12:30",27.94,0,19117,0,4970,29,371,0,0,0,0,0,0,0
"Cw7C","matric_temp","94","3/29/2022 12:30",27.94,0,19117,0,4970,29,371,0,0,0,0,0,0,0
"Cw7C","satext","17","3/29/2022 12:30",73.06,0,19117,0,4970,0,8997,0,0,0,0,0,0,0
"Cw7C","satext","50a","3/29/2022 12:30",73.06,0,19117,0,4970,0,8997,0,0,0,0,0,0,0
"Cw7C","satext","50b","3/29/2022 12:30",73.38,0,19117,0,4970,0,9059,0,0,0,0,0,0,0
"Cw7C","satext","95","3/29/2022 12:30",73.06,0,19117,0,4970,0,8997,0,0,0,0,0,0,0
"Cw7C","vwc","17","3/29/2022 12:30",27.94,0,19117,0,4970,29,371,0,0,0,0,0,0,0
"Cw7C","vwc","50a","3/29/2022 12:30",27.94,0,19117,0,4970,29,371,0,0,0,0,0,0,0
"Cw7C","vwc","50b","3/29/2022 12:30",28.26,0,19117,0,4970,29,433,0,0,0,0,0,0,0
"Cw7C","vwc","95","3/29/2022 12:30",27.94,0,19117,0,4970,29,371,0,0,0,0,0,0,0
"Cw7C","vwc_temp","17","3/29/2022 12:30",27.94,0,19117,0,4970,29,371,0,0,0,0,0,0,0
"Cw7C","vwc_temp","50a","3/29/2022 12:30",27.94,0,19117,0,4970,29,371,0,0,0,0,0,0,0
"Cw7C","vwc_temp","50b","3/29/2022 12:30",28.26,0,19117,0,4970,29,433,0,0,0,0,0,0,0
"Cw7C","vwc_temp","95","3/29/2022 12:30",27.94,0,19117,0,4970,29,371,0,0,0,0,0,0,0
"Cw7D","matric","18","3/29/2022 12:00",24.13,0.62,26930,168,6494,0,3,0,0,0,0,0,0,0
"Cw7D","matric","63","3/29/2022 12:00",24.11,0.62,26930,168,6494,0,0,0,0,0,0,0,0,0
"Cw7D","matric_temp","18","3/29/2022 12:00",24.13,0,26930,0,6494,0,3,0,0,0,0,0,0,0
"Cw7D","matric_temp","63","3/29/2022 12:00",24.11,0,26930,0,6494,0,0,0,0,0,0,0,0,0
"Cw7D","satext","18","3/29/2022 12:00",81.04,0,26930,0,6494,0,15331,0,0,0,0,0,0,0
"Cw7D","satext","50a","3/29/2022 12:00",81.03,0,26930,0,6494,0,15328,0,0,0,0,0,0,0
"Cw7D","satext","50b","3/29/2022 12:00",81.04,0,26930,0,6494,0,15331,0,0,0,0,0,0,0
"Cw7D","satext","63","3/29/2022 12:00",81.03,0,26930,0,6494,0,15328,0,0,0,0,0,0,0
"Cw7D","vwc","18","3/29/2022 12:00",24.13,0,26930,0,6494,0,3,0,0,0,1,0,0,0
"Cw7D","vwc","50b","3/29/2022 12:00",24.13,0,26930,0,6494,0,3,0,0,0,2,0,0,0
"Cw7D","vwc","50a","3/29/2022 12:00",24.11,0,26930,0,6494,0,0,0,0,0,1,0,0,0
"Cw7D","vwc","63","3/29/2022 12:00",24.11,0,26930,0,6494,0,0,0,0,0,2,0,0,0
"Cw7D","vwc_temp","18","3/29/2022 12:00",24.13,0,26930,0,6494,0,3,0,0,0,0,0,0,0
"Cw7D","vwc_temp","50b","3/29/2022 12:00",24.13,0,26930,0,6494,0,3,0,0,0,0,0,0,0
"Cw7D","vwc_temp","50a","3/29/2022 12:00",24.11,0,26930,0,6494,0,0,0,0,0,0,0,0,0
"Cw7D","vwc_temp","63","3/29/2022 12:00",24.11,0,26930,0,6494,0,0,0,0,0,0,0,0,0
"Cw7E","matric","18","3/28/2022 17:15",36.23,0.62,26948,168,6828,40,2934,0,0,0,0,0,0,0
"Cw7E","matric","70","3/28/2022 17:15",36.23,0.62,26948,168,6828,40,2934,0,0,0,0,0,0,0
"Cw7E","matric_temp","18","3/28/2022 17:15",36.23,0,26948,0,6828,40,2934,0,0,0,0,0,0,0
"Cw7E","matric_temp","70","3/28/2022 17:15",36.23,0,26948,0,6828,40,2934,0,0,0,0,0,0,0
"Cw7E","satext","18","3/28/2022 17:15",87.57,0,26948,0,6828,12,16770,0,0,0,0,0,0,0
"Cw7E","satext","50a","3/28/2022 17:15",87.57,0,26948,0,6828,12,16770,0,0,0,0,0,0,0
"Cw7E","satext","50b","3/28/2022 17:15",87.57,0,26948,0,6828,12,16770,0,0,0,0,0,0,0
"Cw7E","satext","67","3/28/2022 17:15",87.57,0,26948,0,6828,12,16770,0,0,0,0,0,0,0
"Cw7E","vwc","18","3/28/2022 17:15",36.23,0,26948,0,6828,40,2934,0,0,0,0,0,0,0
"Cw7E","vwc","50a","3/28/2022 17:15",36.23,0,26948,0,6828,40,2934,0,0,0,0,0,0,0
"Cw7E","vwc","50b","3/28/2022 17:15",36.23,0,26948,0,6828,40,2934,0,0,0,2,0,0,0
"Cw7E","vwc","67","3/28/2022 17:15",36.23,0,26948,0,6828,40,2934,0,0,0,0,0,0,0
"Cw7E","vwc_temp","18","3/28/2022 17:15",36.23,0,26948,0,6828,40,2934,0,0,0,0,0,0,0
"Cw7E","vwc_temp","50a","3/28/2022 17:15",36.23,0,26948,0,6828,40,2934,0,0,0,0,0,0,0
"Cw7E","vwc_temp","50b","3/28/2022 17:15",36.23,0,26948,0,6828,40,2934,0,0,0,0,0,0,0
"Cw7E","vwc_temp","67","3/28/2022 17:15",36.23,0,26948,0,6828,40,2934,0,0,0,0,0,0,0
"Cw7F","matric","18","3/28/2022 17:00",69.15,0.69,24375,168,15938,162,917,0,0,0,0,0,0,0
"Cw7F","matric","100","3/28/2022 17:00",65.39,0.69,24375,168,15938,169,0,0,0,0,0,0,0,0
"Cw7F","matric_temp","18","3/28/2022 17:00",69.15,0,24375,0,15938,162,917,0,0,0,0,0,0,0
"Cw7F","matric_temp","100","3/28/2022 17:00",65.39,0,24375,0,15938,169,0,0,0,0,0,0,0,0
"Cw7F","satext","18","3/28/2022 17:00",82.2,0,24375,0,15938,7,4098,0,0,0,0,0,0,0
"Cw7F","satext","50a","3/28/2022 17:00",82.2,0,24375,0,15938,7,4098,0,0,0,0,0,0,0
"Cw7F","satext","50b","3/28/2022 17:00",82.2,0,24375,0,15938,7,4098,0,0,0,0,0,0,0
"Cw7F","satext","100","3/28/2022 17:00",85.96,0,24375,0,15938,0,5015,0,0,0,0,0,0,0
"Cw7F","vwc","18","3/28/2022 17:00",65.39,0,24375,0,15938,169,0,0,0,0,0,0,0,0
"Cw7F","vwc","50a","3/28/2022 17:00",65.39,0,24375,0,15938,169,0,0,0,0,0,0,0,0
"Cw7F","vwc","50b","3/28/2022 17:00",65.39,0,24375,0,15938,169,0,0,0,0,0,0,0,0
"Cw7F","vwc","100","3/28/2022 17:00",69.15,0,24375,0,15938,162,917,0,0,0,1,0,0,0
"Cw7F","vwc_temp","18","3/28/2022 17:00",65.39,0,24375,0,15938,169,0,0,0,0,0,0,0,0
"Cw7F","vwc_temp","50a","3/28/2022 17:00",65.39,0,24375,0,15938,169,0,0,0,0,0,0,0,0
"Cw7F","vwc_temp","50b","3/28/2022 17:00",65.39,0,24375,0,15938,169,0,0,0,0,0,0,0,0
"Cw7F","vwc_temp","100","3/28/2022 17:00",69.15,0,24375,0,15938,162,917,0,0,0,0,0,0,0
